[{"@type":"mappingTemplate","id":"@1","name":"Mapping Simple Source Target","description":"","bundleVersion":"0","templateId":"@3","deployTime":1566333275000,"hasParameters":false,"valid":true,"fixedConnection":true,"hasParametersDeployed":false,"fixedConnectionDeployed":true,"tasks":1,"mappingPreviewFileRecordId":"@2","references":[{"@type":"reference","refObjectId":"@1biMZnBCsHOlBSOUr0oUwF","refType":"connection"},{"@type":"reference","refObjectId":"@1dKzSe61Cuzjt1bquvS3ot","refType":"connection"}]}]