[{"@type":"mtTask","id":"@1","name":"MappingTask Param Source Target","description":"","runtimeEnvironmentId":"@0g63kM26mRdkZ0kL1yoyGd","maxLogs":10,"verbose":false,"mappingId":"@6irhQd4b2gEkxtfxyFWQMb","shortDescription":"","sessionProperties":{},"enableCrossSchemaPushdown":false,"parameters":[{"@type":"mtTaskParameter","id":2414699,"name":"$NewSource$","type":"EXTENDED_SOURCE","label":"src_con","description":"","uiProperties":{"connectionParameterized":"true","logcnx":"src_con","isMsrcFilterParameterized":"false","isMsrcSortParameterized":"false","objlabel":"src_obj","objectParameterized":"true","objDesc":""},"sourceConnectionId":"@1dKzSe61Cuzjt1bquvS3ot","newFlatFile":false,"newObject":false,"showBusinessNames":true,"naturalOrder":true,"truncateTarget":false,"bulkApiDBTarget":false,"customFuncCfg":{"@type":"customFuncConfig","id":-1,"connections":[],"inputMap":[],"outputFields":[]},"tgtFieldRefs":{},"targetUpdateColumns":[],"extendedObject":{"@type":"extendedObject","object":{"@type":"mObject","name":"AUTO_ALL_DT","label":"AUTO_ALL_DT","metadataUpdated":false,"relations":[],"children":[]},"filters":[],"sortFields":[]},"runtimeAttrs":{},"isRESTModernSource":true,"isFileList":false,"handleSpecialChars":false,"frsAsset":false,"tgtObjectAttributes":{},"runtimeParameterData":{"@type":"mtTaskRuntimeParameterData","isConnectionRuntimeParameter":false,"isObjectRuntimeParameter":false,"connectionParameterName":"src_con","objectParameterName":"src_obj"},"overriddenFields":[]},{"@type":"mtTaskParameter","id":2414701,"name":"$NewTarget$","type":"TARGET","label":"tgt_con","description":"","uiProperties":{"connectionParameterized":"true","logcnx":"tgt_con","objlabel":"tgt_obj","objectParameterized":"true","objDesc":"","defaultTargetUpdateColumns":"","fieldMappingParameterized":"true"},"targetConnectionId":"@8cI5wo0atCQihm7CAx5ric","targetObject":"AUTO_ALL_DT1","targetObjectLabel":"AUTO_ALL_DT1","newFlatFile":false,"newObject":false,"showBusinessNames":true,"naturalOrder":true,"truncateTarget":true,"bulkApiDBTarget":false,"operationType":"Insert","customFuncCfg":{"@type":"customFuncConfig","id":-1,"connections":[],"inputMap":[],"outputFields":[]},"tgtFieldRefs":{},"targetUpdateColumns":[],"extendedObject":{"@type":"extendedObject","filters":[],"sortFields":[]},"runtimeAttrs":{},"isRESTModernSource":true,"isFileList":false,"handleSpecialChars":false,"frsAsset":false,"tgtObjectAttributes":{},"runtimeParameterData":{"@type":"mtTaskRuntimeParameterData","isConnectionRuntimeParameter":false,"isObjectRuntimeParameter":false,"connectionParameterName":"tgt_con","objectParameterName":"tgt_obj"},"overriddenFields":[]},{"@type":"mtTaskParameter","id":2414703,"name":"$field_mapping$","type":"STRING","text":"string (120, 0) F1_STRING=F1_STRING;string (38, 0) F2_STRING=F2_STRING;nstring (20, 0) F3_STRING=F3_STRING;string (1, 0) F4_STRING=F4_STRING;string (40, 0) F5_STRING=F5_STRING;nstring (1, 0) F6_STRING=F6_STRING;nstring (18, 0) F7_STRING=F7_STRING;string (40, 0) F8_STRING=F8_STRING;integer (10, 0) F1_INT=F1_INT;integer (10, 0) F2_INT=F2_INT;integer (10, 0) F3_INT=F3_INT;integer (10, 0) F4_INT=F4_INT;integer (10, 0) F5_INT=F5_INT;decimal (34, 0) F1_NUMBER=F1_NUMBER;decimal (10, 3) F2_NUMBER=F2_NUMBER;double (15, 0) F3_NUMBER=F3_NUMBER;decimal (34, 0) F4_NUMBER=F4_NUMBER;decimal (34, 0) F5_NUMBER=F5_NUMBER;decimal (34, 0) F6_NUMBER=F6_NUMBER;decimal (34, 0) F7_NUMBER=F7_NUMBER;decimal (34, 0) F8_NUMBER=F8_NUMBER;date/time (10, 0) F1_DATE=F1_DATE;date/time (23, 3) F2_DATE=F2_DATE;date/time (10, 0) F3_DATE=F3_DATE;date/time (10, 0) F4_DATE=F4_DATE;date/time (10, 0) F5_DATE=F5_DATE;date/time (10, 0) F6_DATE=F6_DATE;integer (10, 0) F1_BOOLEAN=F1_BOOLEAN;integer (10, 0) F2_BOOLEAN=F2_BOOLEAN;","label":"field_mapping","description":"","uiProperties":{"paramtype":"Fieldmap","supressFieldmappingSuffix":"true","lefttitle":"Incoming Fields","righttitle":"Target Fields"},"newFlatFile":false,"newObject":false,"showBusinessNames":true,"naturalOrder":true,"truncateTarget":false,"bulkApiDBTarget":false,"customFuncCfg":{"@type":"customFuncConfig","id":-1,"connections":[],"inputMap":[],"outputFields":[]},"tgtFieldRefs":{},"targetUpdateColumns":[],"runtimeAttrs":{},"isRESTModernSource":true,"isFileList":false,"handleSpecialChars":false,"frsAsset":false,"tgtObjectAttributes":{},"runtimeParameterData":{"@type":"mtTaskRuntimeParameterData","isConnectionRuntimeParameter":false,"isObjectRuntimeParameter":false},"overriddenFields":[]}],"sequences":[],"inOutParameters":[],"connRuntimeAttrs":[]}]